N_img,x_wp,y_wp
img1,124,464
img1,177,536
img1,108,413
img1,194,531
img1,92,362
img1,210,525
img1,76,313
img1,228,518
img1,76,287
img1,242,510
img1,90,278
img1,257,503
img1,105,271
img1,277,501
img1,120,264
img1,294,493
img1,134,255
img1,313,492
img1,148,246
img1,329,485
img1,162,236
img1,348,481
img1,177,228
img1,365,477
img1,191,220
img1,383,471
img1,205,214
img1,399,465
img1,220,206
img1,417,462
img1,236,200
img1,433,456
img1,250,190
img1,451,452
img1,264,180
img1,463,440
img1,278,172
img1,477,431
img1,293,165
img1,502,435
img1,308,157
img1,518,427
img1,323,150
img1,537,425
img1,338,142
img1,554,420
img1,355,134
img1,569,415
img1,371,124
img1,584,410
img1,382,114
img1,602,407
img1,522,275
img1,621,404
img1,541,271
img1,637,397
img1,556,264
img1,653,393
img1,570,254
img1,665,386
img1,585,246
img1,683,382
img1,600,239
img1,698,374
img1,627,246
img1,713,365
img1,676,284
img1,718,342
img2,560,534
img2,706,545
img2,416,512
img2,711,532
img2,27,474
img2,714,520
img2,30,463
img2,714,509
img2,36,451
img2,716,496
img2,40,439
img2,720,483
img2,43,426
img2,720,471
img2,48,414
img2,722,459
img2,52,402
img2,721,446
img2,59,390
img2,723,434
img2,62,379
img2,726,422
img2,67,369
img2,727,411
img2,73,357
img2,728,399
img2,76,345
img2,731,387
img2,81,334
img2,734,376
img2,86,323
img2,735,364
img2,92,312
img2,737,352
img2,97,300
img2,738,341
img2,100,289
img2,740,329
img2,105,278
img2,744,318
img2,110,266
img2,746,307
img2,112,255
img2,747,296
img2,143,246
img2,750,284
img2,155,235
img2,753,273
img3,203,144
img3,577,355
img3,199,154
img3,571,365
img3,193,164
img3,565,375
img3,184,174
img3,559,386
img3,179,184
img3,552,396
img3,174,194
img3,547,405
img3,168,205
img3,540,416
img3,161,215
img3,535,427
img3,156,224
img3,529,438
img3,150,235
img3,523,448
img3,144,246
img3,517,459
img3,139,257
img3,513,469
img3,133,267
img3,507,479
img3,125,277
img3,501,491
img3,122,289
img3,501,505
img3,117,298
img3,680,620
img3,112,307
img3,677,631
img3,106,317
img3,672,639
img3,100,325
img3,669,650
img3,97,336
img3,665,660
img3,92,345
img3,659,669
img3,88,355
img3,625,661
img3,83,363
img3,583,650
img3,82,375
img3,475,601
img4,250,73
img4,691,227
img4,241,84
img4,723,251
img4,237,97
img4,731,267
img4,234,109
img4,774,296
img4,231,121
img4,766,307
img4,229,132
img4,756,317
img4,225,144
img4,749,327
img4,221,156
img4,736,336
img4,216,168
img4,729,347
img4,214,181
img4,723,359
img4,210,192
img4,713,368
img4,207,205
img4,706,379
img4,201,216
img4,699,390
img4,197,228
img4,689,400
img4,192,239
img4,682,410
img4,190,252
img4,675,421
img4,186,264
img4,668,432
img4,180,275
img4,662,444
img4,177,287
img4,659,456
img4,172,299
img4,654,468
img4,167,310
img4,649,480
img4,161,323
img4,645,494
img4,144,334
img4,646,512
img4,134,344
img4,644,526
img4,125,353
img4,638,536
img4,115,362
img4,632,548
img4,105,372
img4,629,561
img4,92,382
img4,625,573
img4,85,393
img4,622,585
img4,76,404
img4,617,597
img4,68,415
img4,614,610
img4,59,424
img4,610,622
img4,53,435
img4,605,633
img4,43,446
img4,600,645
img4,35,456
img4,598,658
img4,28,467
img4,594,670
img4,23,479
img4,590,682
img4,16,490
img4,585,693
img4,251,587
img4,580,705
img4,340,633
img4,575,717
img4,458,690
img4,568,729
img5,220,142
img5,717,314
img5,210,161
img5,708,334
img5,203,180
img5,704,354
img5,194,200
img5,694,372
img5,186,219
img5,688,391
img5,179,238
img5,676,409
img5,171,257
img5,669,429
img5,162,275
img5,664,448
img5,155,294
img5,655,467
img5,146,312
img5,650,487
img5,137,330
img5,642,505
img5,127,349
img5,633,524
img5,114,366
img5,623,542
img5,100,384
img5,616,561
img5,89,401
img5,609,579
img5,77,418
img5,601,598
img5,63,435
img5,594,617
img5,52,452
img5,584,635
img5,96,488
img5,577,655
img6,407,55
img6,470,70
img6,396,68
img6,508,95
img6,388,83
img6,548,121
img6,375,99
img6,591,148
img6,365,113
img6,636,174
img6,354,126
img6,675,199
img6,344,140
img6,712,224
img6,328,154
img6,735,247
img6,315,168
img6,727,263
img6,303,182
img6,718,277
img6,294,197
img6,707,291
img6,282,211
img6,695,305
img6,271,225
img6,683,319
img6,260,239
img6,671,332
img6,248,253
img6,658,346
img6,241,267
img6,651,362
img6,232,282
img6,639,376
img6,223,298
img6,627,390
img6,216,314
img6,616,404
img6,208,329
img6,607,419
img6,203,344
img6,595,433
img6,196,359
img6,585,447
img6,186,373
img6,575,460
img6,178,389
img6,566,475
img6,169,404
img6,556,491
img6,163,419
img6,548,506
img6,154,433
img6,540,521
img6,147,449
img6,534,537
img6,139,462
img6,522,550
img6,134,478
img6,513,566
img6,127,495
img6,507,581
img6,121,511
img6,497,595
img6,114,526
img6,487,610
img6,107,540
img6,481,625
img6,102,555
img6,472,640
img6,96,572
img6,467,655
img6,89,587
img6,458,669
img6,85,603
img6,449,684
img6,81,619
img6,441,699
img6,75,635
img6,431,714
img6,69,651
img6,423,729
img6,65,667
img6,410,743
img6,60,682
img6,402,759
img6,55,697
img6,395,775
img7,686,169
img7,632,192
img7,690,196
img7,529,261
img7,703,216
img7,74,475
img7,709,238
img7,83,496
img7,718,262
img7,93,518
img7,724,286
img7,102,540
img7,730,309
img7,105,566
img7,738,331
img7,133,581
img7,747,354
img7,159,598
img7,755,377
img7,174,617
img7,763,402
img7,183,638
img8,212,142
img8,122,230
img8,224,151
img8,93,280
img8,234,161
img8,69,325
img8,245,170
img8,74,342
img8,258,180
img8,88,349
img8,275,183
img8,99,359
img8,447,32
img8,106,373
img8,460,41
img8,118,382
img8,472,51
img8,127,394
img8,482,61
img8,134,407
img8,492,72
img8,139,424
img8,505,82
img8,140,444
img8,516,92
img8,144,461
img8,529,101
img8,147,479
img8,540,111
img8,148,498
img8,550,122
img8,151,515
img8,562,131
img8,156,531
img8,573,140
img8,162,547
img8,585,151
img8,168,563
img8,596,159
img8,171,579
img8,607,169
img8,178,593
img8,618,180
img8,184,608
img8,629,189
img8,191,622
img8,640,200
img8,198,635
img8,654,209
img8,208,647
img8,665,219
img8,219,658
img8,677,230
img8,228,669
img8,689,239
img8,239,678
img8,699,249
img8,286,653
img8,709,259
img8,297,664
img8,721,270
img8,275,706
img8,733,279
img8,287,715
img8,733,300
img8,296,726
img8,730,324
img8,308,735
img8,729,347
img8,320,745
img8,723,374
img8,332,754
img8,721,398
img8,342,765
img8,719,420
img8,353,774
img8,634,523
img8,368,781
img9,196,243
img9,339,779
img9,210,239
img9,352,775
img9,223,234
img9,366,772
img9,236,230
img9,379,768
img9,249,226
img9,392,763
img9,261,221
img9,407,759
img9,287,223
img9,427,742
img9,306,197
img9,452,744
img9,309,156
img9,465,740
img9,322,151
img9,478,737
img9,335,146
img9,492,733
img9,348,139
img9,506,729
img9,360,134
img9,520,724
img9,373,129
img9,533,723
img9,387,123
img9,546,719
img9,399,117
img9,560,716
img9,411,112
img9,573,712
img9,424,109
img9,585,706
img9,438,104
img9,598,700
img9,450,96
img9,611,697
img9,462,91
img9,622,694
img9,572,449
img9,635,688
img10,252,120
img10,524,121
img10,246,135
img10,526,136
img10,241,150
img10,528,151
img10,235,165
img10,529,167
img10,231,180
img10,532,182
img10,225,195
img10,534,198
img10,218,211
img10,538,214
img10,211,225
img10,541,229
img10,208,240
img10,544,244
img10,202,256
img10,546,259
img10,198,272
img10,550,275
img10,190,287
img10,553,290
img10,185,302
img10,556,305
img10,180,318
img10,557,320
img10,175,333
img10,559,335
img10,167,348
img10,562,351
img10,162,363
img10,566,367
img10,157,379
img10,568,383
img10,151,394
img10,571,399
img10,149,409
img10,553,415
img10,143,424
img10,554,432
img10,137,439
img10,586,448
img10,131,456
img10,589,464
img10,124,471
img10,593,480
img10,121,487
img10,595,497
img10,115,502
img10,598,513
img10,113,519
img10,599,528
img10,105,537
img10,600,545
img10,100,553
img10,603,562
img10,94,569
img10,603,579
img10,90,585
img10,606,595
img10,85,601
img10,610,611
img10,248,620
img10,616,627
img10,419,639
img10,615,643
img10,494,657
img10,616,659
img10,535,673
img10,616,674
img10,570,690
img10,609,691
img11,672,114
img11,388,135
img11,673,126
img11,59,172
img11,673,139
img11,61,184
img11,674,153
img11,61,198
img11,678,167
img11,61,212
img11,681,182
img11,62,226
img11,684,197
img11,65,241
img11,683,211
img11,64,256
img11,683,225
img11,64,269
img11,680,239
img11,66,283
img11,678,254
img11,66,298
img11,676,267
img11,67,311
img11,676,282
img11,69,325
img11,674,296
img11,69,339
img11,649,311
img11,69,353
img11,643,324
img11,70,366
img11,638,338
img11,72,379
img11,637,351
img11,71,393
img11,634,365
img11,71,405
img11,633,378
img11,71,418
img11,629,391
img11,73,431
img11,626,403
img11,73,444
img11,624,417
img11,74,457
img11,622,431
img11,75,469
img11,620,444
img11,75,483
img11,618,457
img11,76,496
img11,615,470
img11,76,509
img11,613,484
img11,77,522
img11,610,498
img11,78,535
img11,608,510
img11,79,548
img11,604,524
img11,79,561
img11,603,537
img11,82,574
img11,601,550
img11,80,588
img11,598,564
img11,81,600
img11,597,577
img11,83,613
img11,596,590
img11,83,626
img11,560,605
img11,82,639
img11,458,626
img11,84,652
img11,359,646
img11,86,665
img11,258,667
img11,88,679
img11,154,688
img11,87,692
img12,251,126
img12,170,264
img12,269,125
img12,146,332
img12,283,127
img12,139,373
img12,298,129
img12,135,409
img12,315,131
img12,130,448
img12,332,132
img12,127,481
img12,347,134
img12,130,504
img12,364,137
img12,138,522
img12,381,137
img12,147,536
img12,400,131
img12,156,550
img12,419,129
img12,167,562
img12,439,125
img12,178,573
img12,458,122
img12,190,585
img12,478,118
img12,198,597
img12,496,116
img12,209,606
img12,513,116
img12,220,617
img12,529,116
img12,232,627
img12,547,117
img12,244,636
img12,565,116
img12,256,643
img12,581,117
img12,270,651
img12,590,129
img12,281,661
img12,591,157
img12,293,669
img12,594,183
img12,306,676
img12,594,213
img12,319,684
img12,581,264
img12,330,694
img12,569,315
img12,342,701
img12,567,351
img12,354,710
img12,566,380
img12,363,725
img12,572,398
img12,375,735
img12,579,415
img12,387,743
img12,586,432
img12,400,750
img13,785,75
img13,121,263
img13,783,87
img13,120,275
img13,782,100
img13,119,288
img13,780,112
img13,116,300
img13,778,124
img13,115,310
img13,776,136
img13,114,323
img13,775,147
img13,111,335
img13,772,159
img13,109,347
img13,769,171
img13,108,358
img13,767,184
img13,108,371
img13,765,196
img13,105,383
img13,764,208
img13,103,394
img13,765,220
img13,102,407
img13,763,232
img13,101,420
img13,761,244
img13,98,432
img13,757,256
img13,97,443
img13,755,269
img13,95,455
img13,754,280
img13,94,468
img13,752,292
img13,93,480
img13,752,305
img13,91,492
img13,749,317
img13,88,504
img13,747,330
img13,85,516
img13,747,341
img13,84,527
img13,745,353
img13,83,539
img13,740,366
img13,82,551
img13,739,379
img13,81,563
img13,740,390
img13,79,575
img13,738,402
img13,76,587
img13,737,413
img13,76,600
img13,735,425
img13,74,612
img13,735,437
img13,74,624
img13,733,448
img13,72,636
img13,731,460
img13,70,647
img13,729,472
img13,69,659
img13,725,484
img13,67,671
img13,724,497
img13,64,683
img13,724,510
img13,63,695
img13,724,521
img13,61,707
img13,720,533
img13,59,719
img13,719,545
img13,58,731
img13,711,558
img13,67,740
img13,708,571
img13,80,748
img14,142,404
img14,121,478
img14,161,400
img14,141,483
img14,183,393
img14,161,485
img14,203,388
img14,181,486
img14,223,377
img14,202,484
img14,243,371
img14,220,487
img14,263,367
img14,237,493
img14,282,360
img14,259,493
img14,302,355
img14,278,496
img14,321,346
img14,296,496
img14,338,343
img14,314,496
img14,358,337
img14,334,495
img14,376,332
img14,355,495
img14,396,326
img14,376,499
img14,416,320
img14,392,502
img14,437,312
img14,419,439
img14,458,305
img14,446,386
img15,62,241
img15,757,275
img15,59,255
img15,756,290
img15,61,268
img15,754,304
img15,59,282
img15,753,318
img15,59,296
img15,752,332
img15,57,311
img15,751,345
img15,58,324
img15,748,358
img15,57,338
img15,748,373
img15,56,351
img15,748,387
img15,55,365
img15,748,401
img15,53,379
img15,746,415
img15,51,394
img15,744,428
img15,51,408
img15,743,442
img15,49,422
img15,743,456
img15,49,435
img15,741,470
img15,48,449
img15,740,483
img15,46,463
img15,738,497
img15,45,476
img15,736,511
img15,43,490
img15,736,525
img15,42,503
img15,735,539
img15,41,517
img15,734,553
img15,45,532
img15,733,567
img15,350,562
img15,732,581
img15,659,591
img15,731,595
img16,91,236
img16,760,416
img16,88,254
img16,744,429
img16,86,271
img16,730,444
img16,82,288
img16,718,460
img16,78,302
img16,710,475
img16,75,318
img16,692,486
img16,73,336
img16,679,500
img16,68,352
img16,667,514
img16,66,369
img16,653,527
img16,60,386
img16,640,541
img16,58,401
img16,625,555
img16,55,417
img16,611,568
img16,53,432
img16,600,582
img16,51,450
img16,565,589
img16,44,466
img16,493,587
img16,41,481
img16,424,586
img16,41,499
img16,345,583
img16,34,516
img16,274,581
img16,32,533
img16,211,580
img16,26,548
img16,137,577
img16,26,565
img16,67,576
img17,582,231
img17,135,268
img17,597,246
img17,152,283
img17,610,261
img17,157,299
img17,619,268
img17,149,308
img17,617,275
img17,157,316
img17,639,288
img17,157,330
img17,658,302
img17,158,346
img17,672,318
img17,155,363
img17,682,334
img17,152,379
img17,687,350
img17,149,396
img17,685,365
img17,141,412
img17,679,381
img17,138,428
img17,678,396
img17,135,445
img17,668,413
img17,132,460
img17,665,429
img17,130,475
img17,650,444
img17,127,492
img17,645,460
img17,126,509
img17,639,476
img17,258,513
img17,618,494
img17,288,529
img17,616,510
img17,315,544
img17,613,526
img17,338,558
img17,603,543
img17,353,571
img18,99,101
img18,80,251
img18,115,51
img18,79,339
img18,125,56
img18,81,418
img18,136,58
img18,83,494
img18,147,63
img18,94,488
img18,157,66
img18,105,487
img18,167,69
img18,115,485
img18,177,74
img18,127,484
img18,188,79
img18,138,483
img18,198,83
img18,149,482
img18,209,87
img18,161,484
img18,220,91
img18,171,485
img18,229,94
img18,181,487
img18,238,100
img18,191,499
img18,249,104
img18,200,508
img18,259,107
img18,205,558
img18,269,109
img18,209,607
img18,279,115
img18,214,661
img18,290,118
img18,219,711
img18,300,122
img18,229,715
img18,310,127
img18,239,714
img18,320,132
img18,250,715
img18,330,134
img18,261,715
img18,340,139
img18,273,713
img18,351,141
img18,284,713
img18,361,146
img18,295,713
img18,371,148
img18,306,713
img18,381,154
img18,316,713
img18,392,157
img18,326,712
img18,403,163
img18,337,712
img18,413,164
img18,348,712
img18,423,170
img18,359,708
img18,433,173
img18,370,706
img18,443,177
img18,381,708
img18,453,181
img18,391,705
img18,462,185
img18,402,705
img18,473,190
img18,413,702
img18,483,193
img18,425,701
img18,494,196
img18,435,702
img18,504,201
img18,445,699
img18,514,205
img18,456,699
img18,525,210
img18,467,700
img18,535,215
img18,478,699
img18,545,218
img18,489,700
img18,555,220
img18,500,699
img18,565,226
img18,511,698
img18,575,230
img18,521,698
img18,586,236
img18,531,697
img18,596,240
img18,543,696
img18,607,243
img18,554,697
img18,617,246
img18,564,697
img18,627,250
img18,574,696
img18,637,253
img18,585,695
img18,647,258
img18,596,696
img18,657,261
img18,606,699
img18,667,265
img18,617,696
img18,677,277
img18,628,699
img18,687,281
img18,638,700
img19,721,101
img19,672,498
img19,706,96
img19,641,624
img19,692,71
img19,618,679
img19,678,58
img19,601,692
img19,665,41
img19,587,692
img19,651,36
img19,572,690
img19,634,38
img19,555,688
img19,618,41
img19,540,686
img19,601,50
img19,524,684
img19,585,50
img19,509,681
img19,570,49
img19,495,666
img19,552,55
img19,480,663
img19,537,57
img19,463,673
img19,521,63
img19,447,687
img19,502,67
img19,431,692
img19,485,68
img19,412,703
img19,469,71
img19,398,690
img19,454,72
img19,382,689
img19,438,78
img19,365,713
img19,422,80
img19,350,717
img19,407,81
img19,333,723
img19,392,87
img19,317,724
img19,374,92
img19,299,729
img19,358,92
img19,281,733
img19,341,95
img19,264,737
img19,326,94
img19,250,739
img19,310,98
img19,234,742
img19,294,97
img19,218,745
img19,279,93
img19,203,741
img19,263,94
img19,187,736
img19,247,94
img19,171,736
img19,232,86
img19,157,728
img19,217,86
img19,143,718
img19,201,83
img19,127,702
img19,185,85
img19,114,672
img19,168,96
img19,102,645
img20,82,123
img20,104,558
img20,99,126
img20,122,557
img20,117,129
img20,141,564
img20,136,132
img20,158,566
img20,154,136
img20,176,569
img20,171,138
img20,194,576
img20,189,142
img20,213,576
img20,207,147
img20,231,581
img20,226,152
img20,249,586
img20,245,157
img20,268,589
img20,262,158
img20,285,590
img20,280,164
img20,302,592
img20,298,168
img20,321,598
img20,317,173
img20,339,602
img20,336,176
img20,357,604
img20,354,176
img20,376,607
img20,376,263
img20,393,609
img20,394,268
img20,411,615
img20,414,272
img20,430,619
img20,433,285
img20,449,620
img20,451,295
img20,467,626
img20,470,300
img20,485,627
img20,490,309
img20,504,630
img20,509,316
img20,521,632
img20,528,320
img20,540,633
img20,547,325
img20,559,641
img20,564,333
img20,576,637
img20,581,350
img20,594,636
img20,598,352
img20,612,649
img20,616,354
img20,630,648
img20,635,367
img20,648,653
img20,654,372
img20,666,659
img20,672,374
img20,685,665
img20,691,385
img20,704,668
img20,709,391
img20,719,649
img20,728,397
img20,732,563
img21,196,38
img21,627,203
img21,180,43
img21,631,216
img21,177,53
img21,625,226
img21,177,66
img21,623,237
img21,183,80
img21,621,247
img21,182,92
img21,616,257
img21,179,102
img21,613,267
img21,181,116
img21,609,278
img21,179,126
img21,606,290
img21,180,137
img21,586,293
img21,200,157
img21,581,303
img21,216,175
img21,594,320
img21,219,188
img21,591,330
img21,221,201
img21,586,340
img21,220,212
img21,583,351
img21,217,224
img21,578,362
img21,224,238
img21,575,373
img21,229,252
img21,572,384
img21,234,266
img21,569,394
img21,270,291
img21,564,404
img21,315,320
img21,562,415
img21,318,333
img21,557,425
img21,322,346
img21,551,435
img21,331,361
img21,548,446
img21,343,377
img21,544,456
img21,349,391
img21,539,466
img21,361,407
img21,535,476
img21,365,420
img21,533,488
img21,370,435
img21,527,497
img21,380,451
img21,524,507
img21,383,463
img21,520,517
img21,391,479
img21,516,528
img21,389,491
img21,514,539
img21,388,502
img21,509,549
img21,390,514
img21,507,560
img21,390,526
img21,505,572
img21,389,538
img21,503,583
img21,384,548
img21,500,593
img21,379,558
img21,496,603
img21,374,568
img21,491,613
img21,368,577
img21,488,624
img21,364,588
img21,483,634
img21,357,598
img21,478,644
img21,351,607
img21,473,653
img21,343,614
img21,465,662
img21,335,623
img21,461,673
img21,322,632
img21,457,683
img21,309,639
img21,451,691
img21,306,649
img21,445,701
img21,303,660
img21,436,711
img21,316,677
img21,433,720
img21,324,691
img21,425,728
img21,331,706
img21,414,737
img21,344,723
img21,407,748
img21,354,739
img21,402,758
img21,361,753
img21,395,766
img21,366,767
img21,385,774
img22,706,685
img22,283,728
img22,707,670
img22,279,714
img22,705,655
img22,277,699
img22,707,640
img22,274,684
img22,709,625
img22,276,670
img22,708,610
img22,273,654
img22,707,595
img22,271,640
img22,707,580
img22,268,625
img22,708,566
img22,264,611
img22,708,551
img22,262,597
img22,708,537
img22,261,582
img22,707,522
img22,261,567
img22,708,507
img22,259,552
img22,706,492
img22,258,537
img22,707,477
img22,255,522
img22,705,462
img22,253,508
img22,705,447
img22,253,493
img22,704,433
img22,250,478
img22,705,417
img22,248,464
img22,705,403
img22,247,449
img22,703,388
img22,244,434
img22,706,373
img22,241,420
img22,706,358
img22,237,406
img22,705,343
img22,234,392
img22,705,327
img22,231,378
img22,705,313
img22,227,362
img22,705,298
img22,222,348
img22,679,287
img22,219,334
img22,650,274
img22,215,319
img22,623,259
img22,210,304
img22,603,245
img22,207,289
img22,585,230
img22,201,275
img22,567,215
img22,197,261
img22,549,201
img22,198,246
img22,532,186
img22,196,232
img22,516,172
img22,179,219
img22,497,157
img22,175,204
img22,479,144
img22,167,190
img22,453,132
img22,162,176
img22,426,119
img22,155,162
img22,401,107
img22,147,149
img22,375,95
img22,142,135
img22,348,84
img22,136,121
img23,753,368
img23,704,450
img23,748,327
img23,656,485
img23,747,280
img23,551,620
img23,728,267
img23,528,613
img23,699,265
img23,507,598
img23,673,260
img23,483,590
img23,633,282
img23,464,579
img23,598,293
img23,443,566
img23,566,302
img23,421,552
img23,533,312
img23,399,541
img23,500,319
img23,378,530
img23,466,330
img23,353,523
img23,432,341
img23,332,509
img23,402,342
img23,310,500
img23,377,336
img23,291,487
img23,350,333
img23,268,477
img23,324,329
img23,245,467
img23,302,322
img23,225,456
img23,282,308
img23,203,447
img23,258,303
img23,190,419
img23,233,300
img23,183,382
img23,212,287
img23,185,331
img24,116,60
img24,96,106
img24,125,65
img24,98,127
img24,136,68
img24,98,150
img24,144,72
img24,101,168
img24,153,75
img24,104,183
img24,161,81
img24,105,203
img24,170,85
img24,108,221
img24,179,88
img24,112,238
img24,188,92
img24,115,253
img24,196,95
img24,118,270
img24,206,97
img24,122,286
img24,214,102
img24,124,305
img24,223,107
img24,127,322
img24,232,111
img24,129,339
img24,241,114
img24,132,359
img24,250,119
img24,136,374
img24,260,122
img24,141,389
img24,270,123
img24,143,408
img24,277,128
img24,145,425
img24,286,133
img24,149,442
img24,295,138
img24,152,458
img24,304,143
img24,156,471
img24,311,150
img24,157,492
img24,318,156
img24,160,511
img24,327,162
img24,164,528
img24,335,168
img24,167,544
img24,341,177
img24,170,562
img24,349,184
img24,172,581
img24,357,188
img24,175,596
img24,364,196
img24,178,613
img24,373,202
img24,181,630
img24,380,210
img24,184,647
img24,387,218
img24,187,663
img24,394,226
img24,190,681
img24,401,234
img24,192,701
img24,409,240
img24,196,716
img24,416,248
img24,198,734
img24,422,258
img24,202,750
img24,429,267
img24,211,754
img24,437,272
img24,225,744
img24,445,279
img24,237,743
img24,454,282
img24,247,744
img24,463,286
img24,260,739
img24,471,291
img24,272,736
img24,478,297
img24,284,733
img24,487,302
img24,297,728
img24,497,306
img24,311,721
img24,506,307
img24,323,717
img24,515,310
img24,335,713
img24,526,311
img24,348,709
img24,536,313
img24,362,701
img24,545,314
img24,376,695
img24,555,316
img24,387,694
img24,567,312
img24,399,691
img24,580,310
img24,414,683
img24,593,306
img24,427,679
img24,605,301
img24,440,671
img24,616,300
img24,451,669
img24,628,296
img24,463,666
img24,641,289
img24,476,662
img24,654,287
img24,490,653
img24,666,284
img24,502,646
img24,676,284
img24,516,641
img24,687,282
img24,529,638
img24,697,284
img24,542,633
img24,705,290
img24,553,631
img24,707,312
img24,565,626
img24,703,343
img24,579,618
img24,698,377
img24,593,611
img24,695,409
img24,605,609
img24,690,441
img24,618,603
img24,686,475
img24,631,600
img24,683,508
img24,644,594
img25,271,219
img25,399,281
img25,254,222
img25,700,440
img25,210,212
img25,695,448
img25,200,217
img25,691,456
img25,195,225
img25,595,420
img25,189,233
img25,587,428
img25,182,241
img25,568,429
img25,176,248
img25,560,436
img25,173,258
img25,547,441
img25,166,266
img25,531,444
img25,160,274
img25,519,448
img25,151,280
img25,501,450
img25,146,288
img25,494,458
img25,142,297
img25,479,462
img25,136,305
img25,470,468
img25,131,314
img25,457,472
img25,124,323
img25,442,476
img25,118,331
img25,431,482
img25,120,343
img25,415,486
img25,116,352
img25,403,492
img25,102,356
img25,393,498
img25,102,367
img25,381,502
img25,95,375
img25,370,508
img25,81,378
img25,360,515
img25,75,387
img25,344,519
img25,66,394
img25,338,527
img25,62,402
img25,327,532
img25,57,410
img25,319,539
img25,52,419
img25,313,547
img25,45,427
img25,304,554
img25,40,435
img25,283,555
img25,79,465
img25,278,564
img25,104,488
img25,274,571
img25,128,511
img25,267,579
img25,153,535
img25,264,589
img25,175,556
img25,254,595
img26,318,297
img26,176,686
img26,405,92
img26,188,687
img26,423,77
img26,200,691
img26,439,69
img26,209,695
img26,450,72
img26,219,698
img26,459,80
img26,228,701
img26,469,84
img26,239,706
img26,477,90
img26,248,712
img26,488,95
img26,256,717
img26,498,100
img26,265,723
img26,508,104
img26,275,728
img26,517,109
img26,286,730
img26,527,114
img26,297,731
img26,536,119
img26,308,736
img26,545,126
img26,318,741
img26,555,130
img26,328,744
img26,564,137
img26,338,747
img26,574,141
img26,348,752
img26,583,147
img26,357,756
img26,587,167
img26,367,759
img26,590,190
img26,377,762
img26,598,199
img26,386,765
img26,607,203
img26,397,768
img26,522,461
img26,407,773
img27,632,221
img27,652,237
img27,630,225
img27,661,254
img27,624,230
img27,669,271
img27,617,232
img27,679,288
img27,613,235
img27,690,306
img27,608,240
img27,699,324
img27,601,242
img27,706,340
img27,597,246
img27,715,357
img27,591,250
img27,724,374
img27,586,254
img27,735,392
img27,582,258
img27,743,408
img27,576,263
img27,751,426
img27,569,265
img27,764,446
img27,563,266
img27,771,461
img27,557,271
img27,779,477
img27,551,274
img27,777,485
img27,547,278
img27,770,487
img27,543,281
img27,763,488
img27,536,285
img27,755,489
img27,530,288
img27,743,487
img27,525,291
img27,737,490
img27,519,294
img27,728,490
img27,514,297
img27,718,490
img27,509,302
img27,711,491
img27,502,306
img27,700,490
img27,497,309
img27,689,489
img27,492,313
img27,683,491
img27,486,316
img27,675,491
img27,481,320
img27,666,491
img27,475,323
img27,658,492
img27,471,326
img27,650,493
img27,466,330
img27,641,493
img27,459,334
img27,630,492
img27,454,336
img27,623,493
img27,450,340
img27,612,492
img27,444,344
img27,606,496
img27,439,348
img27,598,496
img27,434,352
img27,590,495
img27,429,355
img27,582,496
img27,423,358
img27,574,498
img27,418,362
img27,564,498
img27,413,365
img27,559,500
img27,408,369
img27,550,500
img27,402,374
img27,536,496
img27,398,377
img27,526,496
img27,392,380
img27,520,498
img27,385,383
img27,509,497
img27,378,385
img27,501,497
img27,372,387
img27,493,498
img27,366,389
img27,481,496
img27,357,389
img27,473,498
img27,344,386
img27,467,500
img27,328,380
img27,458,501
img27,318,379
img27,448,501
img27,302,374
img27,438,501
img27,288,369
img27,429,500
img27,269,360
img27,421,501
img27,255,355
img27,415,503
img27,248,356
img27,407,504
img27,243,361
img27,399,505
img27,239,366
img27,389,505
img27,237,372
img27,378,504
img27,231,377
img27,372,506
img27,229,381
img27,364,507
img27,225,386
img27,355,508
img27,223,393
img27,349,509
img27,219,398
img27,338,507
img27,215,403
img27,326,506
img27,212,408
img27,319,507
img27,210,413
img27,309,507
img27,207,419
img27,304,510
img27,206,426
img27,297,513
img27,202,431
img27,291,516
img27,197,436
img27,285,519
img27,203,450
img27,279,522
img27,199,454
img27,275,526
img27,192,456
img27,270,529
img27,188,462
img27,262,531
img27,185,468
img27,256,535
img27,182,474
img27,252,538
img27,180,481
img27,246,540
img27,176,485
img27,240,544
img27,169,487
img27,233,546
img27,164,491
img27,227,549
img27,161,496
img27,221,553
img27,156,500
img27,215,555
img27,150,503
img27,210,558
img27,144,506
img27,203,561
img27,140,512
img27,196,563
img27,136,516
img27,190,566
img27,128,516
img27,184,568
img27,123,520
img27,178,573
img27,119,527
img27,171,575
img27,115,531
img27,166,578
img27,108,532
img27,161,581
img27,102,535
img27,156,585
img27,97,538
img27,150,587
img27,92,542
img27,143,590
img27,87,546
img27,137,594
img27,80,549
img27,132,598
img27,75,553
img27,127,600
img27,71,557
img27,121,603
img27,67,564
img27,115,606
img27,64,569
img27,108,609
img27,60,574
img27,103,612
img27,58,581
img27,96,615
img27,55,586
img27,87,615
img27,54,593
img27,76,613
img28,205,371
img28,137,444
img28,344,245
img28,143,460
img28,369,240
img28,147,478
img28,398,232
img28,151,495
img28,422,229
img28,157,510
img28,557,105
img28,165,523
img28,569,117
img28,164,544
img28,579,132
img28,169,559
img28,591,143
img28,174,573
img28,601,153
img28,177,590
img28,609,163
img28,182,608
img28,615,178
img28,186,624
img28,617,198
img28,189,639
img28,616,219
img28,196,653
img28,612,242
img28,198,671
img28,609,266
img28,202,688
img28,607,291
img28,208,702
img28,604,313
img28,212,720
img28,602,335
img28,217,737
img28,567,392
img28,221,753
img28,532,448
img28,228,766
img29,516,118
img29,553,138
img29,504,126
img29,572,160
img29,496,134
img29,591,183
img29,487,142
img29,605,202
img29,476,149
img29,625,226
img29,466,156
img29,642,248
img29,457,163
img29,659,269
img29,448,171
img29,678,293
img29,439,180
img29,701,317
img29,430,187
img29,720,339
img29,420,194
img29,737,360
img29,410,202
img29,752,381
img29,400,209
img29,745,390
img29,391,217
img29,733,397
img29,382,224
img29,723,404
img29,375,233
img29,714,412
img29,365,241
img29,703,419
img29,354,249
img29,695,427
img29,344,256
img29,684,434
img29,335,263
img29,675,443
img29,327,271
img29,667,449
img29,319,280
img29,657,457
img29,309,288
img29,648,465
img29,302,296
img29,638,472
img29,295,304
img29,630,481
img29,285,311
img29,621,488
img29,276,319
img29,611,495
img29,267,327
img29,601,502
img29,257,335
img29,592,509
img29,248,342
img29,582,517
img29,240,351
img29,572,524
img29,235,361
img29,560,531
img29,230,370
img29,553,539
img29,225,380
img29,545,547
img29,220,390
img29,537,555
img29,213,399
img29,527,563
img29,208,409
img29,518,571
img29,201,418
img29,509,578
img29,197,428
img29,499,584
img29,192,437
img29,490,593
img29,187,448
img29,483,602
img29,181,459
img29,472,609
img29,176,468
img29,464,617
img29,169,477
img29,457,626
img29,167,487
img29,447,633
img29,162,497
img29,438,641
img29,157,507
img29,429,649
img29,152,516
img29,421,656
img29,148,527
img29,413,664
img29,143,537
img29,402,672
img29,137,546
img29,394,681
img29,133,557
img29,385,689
img29,127,567
img29,377,697
img29,121,577
img29,369,705
img29,117,586
img29,358,712
img29,112,597
img29,349,720
img29,107,607
img29,341,727
img29,102,615
img29,332,734
img29,98,626
img29,324,743
img29,107,644
img29,314,751
img29,149,677
img29,304,758
img29,194,713
img29,295,765
img29,234,747
img29,287,774
img30,101,214
img30,97,270
img30,112,209
img30,107,278
img30,122,205
img30,117,288
img30,133,195
img30,127,301
img30,144,189
img30,137,309
img30,155,177
img30,147,319
img30,167,168
img30,157,332
img30,178,161
img30,167,346
img30,190,153
img30,177,357
img30,201,142
img30,187,367
img30,212,135
img30,197,378
img30,223,127
img30,207,393
img30,234,118
img30,217,403
img30,246,111
img30,227,416
img30,257,102
img30,236,429
img30,267,96
img30,247,438
img30,278,102
img30,257,453
img30,288,114
img30,266,464
img30,298,124
img30,277,474
img30,308,137
img30,287,486
img30,319,147
img30,297,498
img30,328,159
img30,307,508
img30,338,171
img30,317,521
img30,349,181
img30,327,533
img30,359,193
img30,336,543
img30,369,202
img30,347,552
img30,378,213
img30,358,562
img30,389,225
img30,367,574
img30,399,233
img30,377,584
img30,409,244
img30,387,595
img30,419,257
img30,398,606
img30,428,267
img30,408,617
img30,438,278
img30,417,626
img30,449,288
img30,427,638
img30,459,299
img30,437,648
img30,470,309
img30,447,658
img30,479,320
img30,457,670
img30,489,332
img30,467,682
img30,500,342
img30,477,691
img30,510,352
img30,488,703
img30,521,363
img30,499,711
img30,531,373
img30,509,714
img30,540,388
img30,520,716
img30,549,396
img30,530,716
img30,559,406
img30,541,715
img30,570,416
img30,551,714
img30,580,428
img30,562,712
img30,590,438
img30,573,711
img30,600,450
img30,583,709
img30,611,459
img30,594,708
img30,620,470
img30,604,707
img30,631,478
img30,615,702
img30,641,490
img30,628,690
img30,650,501
img30,640,677
img30,660,512
img30,651,663
img30,670,524
img30,663,651
img30,680,533
img30,674,638
img30,690,545
img30,685,625
img30,700,555
img30,697,610
img30,710,570
img30,708,602
img31,528,227
img31,646,296
img31,289,103
img31,644,310
img31,275,111
img31,642,324
img31,266,121
img31,644,341
img31,264,135
img31,642,357
img31,252,146
img31,643,374
img31,213,140
img31,641,390
img31,205,152
img31,643,408
img31,197,163
img31,641,421
img31,193,177
img31,639,436
img31,185,190
img31,640,454
img31,177,201
img31,641,471
img31,170,214
img31,639,486
img31,163,226
img31,635,500
img31,155,238
img31,636,518
img31,149,250
img31,635,533
img31,140,262
img31,635,549
img31,134,273
img31,634,564
img31,129,286
img31,632,580
img31,120,299
img31,631,596
img31,112,311
img31,629,611
img31,105,322
img31,627,625
img31,98,333
img31,624,640
img31,91,345
img31,622,654
img31,84,358
img31,614,666
img31,76,370
img31,607,680
img31,69,381
img31,606,698
img32,210,59
img32,155,70
img32,226,64
img32,155,79
img32,240,69
img32,153,88
img32,254,74
img32,152,97
img32,267,80
img32,152,104
img32,282,86
img32,152,113
img32,297,91
img32,151,121
img32,311,97
img32,151,130
img32,328,102
img32,151,138
img32,342,108
img32,151,147
img32,357,113
img32,149,155
img32,370,118
img32,150,164
img32,382,124
img32,147,172
img32,397,128
img32,147,181
img32,411,134
img32,148,189
img32,426,139
img32,149,197
img32,439,145
img32,150,205
img32,455,151
img32,151,212
img32,470,156
img32,146,222
img32,484,161
img32,143,231
img32,498,166
img32,143,240
img32,513,172
img32,141,249
img32,524,177
img32,138,257
img32,535,184
img32,138,266
img32,546,190
img32,135,274
img32,558,196
img32,134,283
img32,568,202
img32,131,293
img32,579,207
img32,130,302
img32,591,213
img32,125,311
img32,602,220
img32,126,319
img32,614,226
img32,124,328
img32,614,234
img32,122,337
img32,606,244
img32,119,346
img32,596,254
img32,116,354
img32,588,264
img32,118,362
img32,581,274
img32,119,371
img32,570,284
img32,119,379
img32,564,293
img32,119,387
img32,553,304
img32,118,395
img32,550,313
img32,119,403
img32,545,322
img32,120,412
img32,539,331
img32,118,421
img32,535,341
img32,119,429
img32,530,351
img32,121,438
img32,525,360
img32,122,446
img32,523,368
img32,123,453
img32,521,377
img32,127,461
img32,522,385
img32,129,469
img32,521,393
img32,133,477
img32,520,402
img32,137,484
img32,518,411
img32,141,492
img32,518,420
img32,144,500
img32,517,428
img32,149,507
img32,515,437
img32,152,515
img32,514,446
img32,158,521
img32,515,455
img32,165,529
img32,510,464
img32,167,537
img32,511,471
img32,177,542
img32,513,479
img32,191,548
img32,512,488
img32,203,554
img32,511,496
img32,220,559
img32,514,505
img32,230,565
img32,515,512
img32,242,570
img32,516,520
img32,254,576
img32,517,528
img32,269,582
img32,518,537
img32,280,587
img32,520,545
img32,294,593
img32,523,552
img32,305,599
img32,524,560
img32,318,604
img32,526,568
img32,331,610
img32,529,577
img32,342,616
img32,534,584
img32,356,621
img32,537,591
img32,371,627
img32,540,599
img32,384,633
img32,544,607
img32,393,638
img32,548,614
img32,407,643
img32,553,622
img32,420,649
img32,558,629
img32,433,655
img32,562,636
img32,447,661
img32,566,643
img32,460,666
img32,569,651
img32,472,672
img32,573,659
img32,486,678
img32,578,666
img32,498,683
img32,582,673
img32,512,689
img32,587,681
img32,523,695
img32,593,688
img32,535,700
img32,598,694
img32,548,706
img32,603,702
img32,564,712
img32,609,709
img32,577,717
img32,612,716
img32,589,723
img32,619,723
img32,599,729
img32,625,730
img32,610,734
img32,631,736
img32,622,739
img32,637,743
img32,632,744
img33,87,211
img33,132,218
img33,87,227
img33,179,239
img33,84,241
img33,205,261
img33,82,254
img33,680,347
img33,81,268
img33,697,363
img33,80,282
img33,697,377
img33,77,296
img33,699,392
img33,77,310
img33,699,407
img33,75,326
img33,701,422
img33,72,340
img33,702,437
img33,72,354
img33,700,451
img33,73,369
img33,701,465
img33,72,383
img33,710,479
img33,73,398
img33,709,493
img33,73,413
img33,711,508
img33,87,428
img33,682,519
img33,131,449
img33,663,530
img33,172,470
img33,643,540
img33,204,487
img33,634,553
img33,368,527
img33,634,568
img33,476,558
img33,633,581
img33,553,584
img33,624,595
img34,62,298
img34,29,362
img34,69,301
img34,33,370
img34,78,303
img34,41,373
img34,85,306
img34,47,378
img34,93,307
img34,54,380
img34,101,309
img34,62,383
img34,109,311
img34,69,386
img34,116,312
img34,76,388
img34,124,314
img34,83,392
img34,132,317
img34,90,395
img34,139,320
img34,98,397
img34,148,321
img34,106,399
img34,154,324
img34,113,402
img34,163,325
img34,121,405
img34,170,327
img34,128,408
img34,178,329
img34,135,411
img34,186,330
img34,142,413
img34,193,334
img34,150,416
img34,201,335
img34,157,419
img34,208,338
img34,163,421
img34,217,338
img34,172,423
img34,224,341
img34,179,427
img34,232,343
img34,186,430
img34,240,345
img34,193,432
img34,247,348
img34,200,434
img34,255,350
img34,208,437
img34,263,351
img34,215,440
img34,271,354
img34,223,443
img34,279,356
img34,230,447
img34,286,357
img34,237,449
img34,293,360
img34,245,452
img34,302,362
img34,252,455
img34,309,364
img34,259,458
img34,317,366
img34,268,460
img34,326,366
img34,274,464
img34,333,368
img34,281,466
img34,341,368
img34,288,469
img34,410,257
img34,294,474
img34,420,257
img34,302,475
img34,425,259
img34,309,479
img34,432,263
img34,316,481
img34,439,267
img34,324,485
img34,447,272
img34,331,488
img34,454,274
img34,338,491
img34,460,278
img34,345,495
img34,468,281
img34,353,497
img34,474,284
img34,360,500
img34,481,288
img34,367,503
img34,488,291
img34,374,505
img34,494,295
img34,383,507
img34,501,300
img34,390,512
img34,509,303
img34,396,514
img34,515,306
img34,405,515
img34,522,310
img34,412,518
img34,529,313
img34,419,522
img34,536,317
img34,426,524
img34,543,320
img34,434,527
img34,552,319
img34,441,531
img34,585,273
img34,449,532
img34,592,277
img34,455,535
img34,598,282
img34,462,537
img34,604,287
img34,469,540
img34,611,291
img34,476,543
img34,617,295
img34,484,547
img34,624,299
img34,488,554
img34,630,304
img34,488,572
img34,638,308
img34,484,598
img34,645,310
img34,490,600
img34,651,314
img34,497,604
img34,657,318
img34,503,609
img34,663,324
img34,510,614
img34,670,328
img34,516,618
img34,676,332
img34,525,619
img34,684,337
img34,533,619
img34,690,341
img34,540,623
img34,696,345
img34,547,626
img34,703,349
img34,554,629
img34,710,353
img34,562,630
img34,717,357
img34,569,633
img34,724,361
img34,576,636
img34,730,364
img34,583,640
img34,736,369
img34,590,644
img34,743,374
img34,598,646
img34,749,379
img34,605,649
img34,756,383
img34,612,652
img34,763,385
img34,619,654
img34,770,388
img34,628,656
img35,175,136
img35,690,455
img35,174,157
img35,685,473
img35,167,176
img35,677,489
img35,189,213
img35,668,506
img35,179,229
img35,660,524
img35,144,229
img35,650,541
img35,138,248
img35,642,558
img35,132,266
img35,635,576
img35,125,286
img35,627,593
img35,116,304
img35,618,610
img35,111,321
img35,611,629
img35,105,340
img35,602,645
img35,95,356
img35,550,636
img35,91,377
img35,445,594
img35,87,398
img35,320,540
img35,81,416
img35,240,514
